"タイトル","view数","著者","詳細リンク先"
"いつの間に…ソニーが新型ＰＳ４を発表していた件","19543","Kob_fun","http://matome.naver.jp/mymatome/Kob_fun"
"イヤホンジャックがない…。iPhone7に困る人が続出してる","44409","ユーロの行方","http://matome.naver.jp/mymatome/%E3%83%A6%E3%83%BC%E3%83%AD%E3%81%AE%E8%A1%8C%E6%96%B9"
"電気エネルギー。「コンセントに付けるタイプ」のアイテムをまとめ…","11002","hakyuna","http://matome.naver.jp/mymatome/hakyuna"
"ここまで来ているのか…未来感ある最近登場の「デバイス」たち","13998","bluebluelucky","http://matome.naver.jp/mymatome/bluebluelucky"
"眠れない夜にさよなら「本当に熟睡出来る」評判の快眠アプリ5選","1243951","Gracias.","http://matome.naver.jp/mymatome/Gracias."
"大丈夫？実は知らないメールアドレスのルール","432913","chummy103","http://matome.naver.jp/mymatome/chummy103"
"【２週間】本当に身につけたい人に贈るタッチタイピング術！","469941","nasurin","http://matome.naver.jp/mymatome/nasurin"
"ブロガーが知ると便利な3つのSNSちょい足し魔法","79938","blessU","http://matome.naver.jp/mymatome/blessU"
"気泡やほこりが入らない、スマホに液晶保護フィルムをきれいに貼る…","232873","libra555","http://matome.naver.jp/mymatome/libra555"
"意外と憎いiPhoneカメラで簡単にうまく撮る方法！アプリなん…","487833","ishima_ru","http://matome.naver.jp/mymatome/ishima_ru"
"プロフィール写真を劇的にキレイにする6つのコツ","366757","蜜柑丸","http://matome.naver.jp/mymatome/%E8%9C%9C%E6%9F%91%E4%B8%B8"
"全力でセルフィー撮りたい人必見。進化している自撮り用スマホグッ…","128435","vortexxx","http://matome.naver.jp/mymatome/vortexxx"
"撮影するだけで商品名が分かるアプリCamfindが面白い！","191232","mii10","http://matome.naver.jp/mymatome/mii10"
"iPhone7防水OK3.5ジャック廃止…Appleイベントが…","212863","キメラのつばさ","http://matome.naver.jp/mymatome/%E3%82%AD%E3%83%A1%E3%83%A9%E3%81%AE%E3%81%A4%E3%81%B0%E3%81%95"
"これは一石二鳥♪あえてアナログな便利機能がついたiPhoneケ…","422590","Poyot","http://matome.naver.jp/mymatome/Poyot"
"スマホあるあるの「押し間違え」を未然に防ぐ方法","123281","moistq10","http://matome.naver.jp/mymatome/moistq10"
"悩み別で観れる。仕事に役立つ良質なTED動画","75782","tea_heart","http://matome.naver.jp/mymatome/tea_heart"
"楽器が弾けなくても演奏できる「音楽アプリ」が気持ちいい！","76663","shiroarisa","http://matome.naver.jp/mymatome/shiroarisa"
"光る畳に光る服…生活に溶け込むLEDの進化がすごかった","213652","monet333","http://matome.naver.jp/mymatome/monet333"
"阿部寛に堂本剛…「公式サイト」がカオスすぎる芸能人たち","1002230","あざらし部長","http://matome.naver.jp/mymatome/%E3%81%82%E3%81%96%E3%82%89%E3%81%97%E9%83%A8%E9%95%B7"
